{
  "lang":"en",
  "name":"pipeline",
  "version":"0.0.0",
  "spacy_version":">=3.2.4,<3.3.0",
  "description":"",
  "author":"",
  "email":"",
  "url":"",
  "license":"",
  "spacy_git_version":"b50fe5ec6",
  "vectors":{
    "width":0,
    "vectors":0,
    "keys":0,
    "name":null,
    "mode":"default"
  },
  "labels":{
    "tok2vec":[

    ],
    "ner":[
      "B",
      "EMAIL",
      "I",
      "NAME",
      "ORG",
      "PHONE",
      "WEB"
    ]
  },
  "pipeline":[
    "tok2vec",
    "ner"
  ],
  "components":[
    "tok2vec",
    "ner"
  ],
  "disabled":[

  ],
  "performance":{
    "ents_f":0.571942446,
    "ents_p":0.6091954023,
    "ents_r":0.5389830508,
    "ents_per_type":{
      "I-ORG":{
        "p":0.5535714286,
        "r":0.5961538462,
        "f":0.5740740741
      },
      "B-PHONE":{
        "p":0.6666666667,
        "r":0.65,
        "f":0.6582278481
      },
      "I-PHONE":{
        "p":0.6041666667,
        "r":0.7073170732,
        "f":0.6516853933
      },
      "B-EMAIL":{
        "p":0.9375,
        "r":0.6818181818,
        "f":0.7894736842
      },
      "I-EMAIL":{
        "p":0.4,
        "r":0.3333333333,
        "f":0.3636363636
      },
      "B-DES":{
        "p":0.625,
        "r":0.2777777778,
        "f":0.3846153846
      },
      "I-NAME":{
        "p":0.8095238095,
        "r":0.4473684211,
        "f":0.5762711864
      },
      "B-NAME":{
        "p":0.7222222222,
        "r":0.619047619,
        "f":0.6666666667
      },
      "B-WEB":{
        "p":0.9090909091,
        "r":0.9090909091,
        "f":0.9090909091
      },
      "B-ORG":{
        "p":0.3846153846,
        "r":0.1923076923,
        "f":0.2564102564
      },
      "I-DES":{
        "p":0.2,
        "r":0.3846153846,
        "f":0.2631578947
      },
      "B-PHOE":{
        "p":0.0,
        "r":0.0,
        "f":0.0
      },
      "I-WEB":{
        "p":1.0,
        "r":1.0,
        "f":1.0
      },
      "DES":{
        "p":0.0,
        "r":0.0,
        "f":0.0
      },
      "I-DE":{
        "p":0.0,
        "r":0.0,
        "f":0.0
      },
      "ORG":{
        "p":0.0,
        "r":0.0,
        "f":0.0
      },
      "EMAIL":{
        "p":0.0,
        "r":0.0,
        "f":0.0
      }
    },
    "tok2vec_loss":424.1396025147,
    "ner_loss":395.5355722899
  }
}