{
  "lang":"en",
  "name":"pipeline",
  "version":"0.0.0",
  "spacy_version":">=3.2.4,<3.3.0",
  "description":"",
  "author":"",
  "email":"",
  "url":"",
  "license":"",
  "spacy_git_version":"b50fe5ec6",
  "vectors":{
    "width":0,
    "vectors":0,
    "keys":0,
    "name":null,
    "mode":"default"
  },
  "labels":{
    "tok2vec":[

    ],
    "ner":[
      "B",
      "EMAIL",
      "I",
      "NAME",
      "ORG",
      "PHONE",
      "WEB"
    ]
  },
  "pipeline":[
    "tok2vec",
    "ner"
  ],
  "components":[
    "tok2vec",
    "ner"
  ],
  "disabled":[

  ],
  "performance":{
    "ents_f":0.6129032258,
    "ents_p":0.6501901141,
    "ents_r":0.5796610169,
    "ents_per_type":{
      "B-ORG":{
        "p":0.4545454545,
        "r":0.1923076923,
        "f":0.2702702703
      },
      "I-ORG":{
        "p":0.6739130435,
        "r":0.5961538462,
        "f":0.6326530612
      },
      "B-PHONE":{
        "p":0.6808510638,
        "r":0.8,
        "f":0.7356321839
      },
      "I-PHONE":{
        "p":0.6382978723,
        "r":0.7317073171,
        "f":0.6818181818
      },
      "B-EMAIL":{
        "p":0.8888888889,
        "r":0.7272727273,
        "f":0.8
      },
      "I-EMAIL":{
        "p":0.5,
        "r":0.3333333333,
        "f":0.4
      },
      "B-DES":{
        "p":0.5,
        "r":0.3333333333,
        "f":0.4
      },
      "I-NAME":{
        "p":0.7391304348,
        "r":0.4473684211,
        "f":0.5573770492
      },
      "B-NAME":{
        "p":0.7777777778,
        "r":0.6666666667,
        "f":0.7179487179
      },
      "B-WEB":{
        "p":0.9090909091,
        "r":0.9090909091,
        "f":0.9090909091
      },
      "I-DES":{
        "p":0.2916666667,
        "r":0.5384615385,
        "f":0.3783783784
      },
      "B-PHOE":{
        "p":0.0,
        "r":0.0,
        "f":0.0
      },
      "ORG":{
        "p":0.0,
        "r":0.0,
        "f":0.0
      },
      "I-WEB":{
        "p":1.0,
        "r":1.0,
        "f":1.0
      },
      "DES":{
        "p":0.0,
        "r":0.0,
        "f":0.0
      },
      "I-DE":{
        "p":0.0,
        "r":0.0,
        "f":0.0
      },
      "EMAIL":{
        "p":0.0,
        "r":0.0,
        "f":0.0
      }
    },
    "tok2vec_loss":582.5200732948,
    "ner_loss":477.8969105575
  }
}